goldens,generated_text,labels
"No, the poster does not suffer from depression. Reasoning: The post showed no signs of depression, the poster was simply seeking advice from the internet about whether or not the site was safe, it was a post that had nothing to do with emotions.","

Reasoning: The post does not exhibit strong emotional indicators of very severe depression. The poster is seeking advice and information about the safety of using Ancestry.com and expresses some discomfort in providing credit card information online. While the post does not indicate a deep sense of emotional pain or hopelessness, it does show some level of concern and uncertainty. However, it does not align with the profound emotional distress typically associated with very severe depression.",no
"No, the poster does not suffer from depression. Reasoning: The post tells of plans to go to a friend's playdate being repeatedly postponed due to interference from the friend's boyfriend, in which the poster indicates being put on hold and ignored, but this is only a sudden emotion in response to a specific event. There is no indication that the poster has been suffering from negative emotions for a long period of time, and the information presented in the post cannot point to depression.","Reasoning: The post expresses feelings of being put on the backburner and not being a priority in the friend's schedule. The poster also mentions feeling hurt and frustrated by the friend's change in plans, suggesting a sense of disappointment and rejection. These emotions, along with the negative self-perception of not being important enough to be a priority, align with symptoms commonly associated with depression.",yes
"No, the poster does not suffer from depression. Reasoning: The post is intended to discuss when a person would want to have children and seeks everyone's opinion on the subject. The overall tone of the post is that of a rational discussion with no unnecessary display of emotion. Perhaps the poster has some confusion about life, but this does not point to the fact that they are suffering from any emotional issues in the long term.","
No, the poster does not suffer from depression. The post does not exhibit strong emotional indicators of very severe depression. It focuses on the poster's curiosity and uncertainty about their future desire for children. While there may be a hint of introspection and questioning, it does not display the profound emotional distress, hopelessness, or despair commonly associated with very severe depression. The tone of the post is more contemplative and seeking advice rather than expressing overwhelming emotional pain.",no
"Yes, the poster suffers from depression. Reasoning: The post indicates that the poster is in a state of chronic unfulfillment, and they exhibit denial of their abilities, low self-esteem, and pessimism about the future, which points to the poster being in a chronically low mood state, which is one of the symptoms of depression.","

Yes, the poster suffers from depression. Reasoning: The post expresses a deep sense of frustration and self-doubt. The poster feels like they have failed at everything they have tried and are good at nothing. This suggests a lack of self-worth and a feeling of being inadequate. The mention of wanting to find something that can bring happiness and fulfillment indicates a desire for meaning and purpose in life. The overall tone of the post conveys a significant level of emotional distress and negative self-perception, which aligns with symptoms commonly associated with depression.",yes
"Yes, the poster suffers from depression. Reasoning: The post takes on a very negative tone, with the poster indulging in drugs and sad music and believing that life is meaningless and hopeless. The poster believes that talking to people screws things up, which points to low self-esteem and low self-achievement. These are all symptoms of depression.","

Reasoning: The post conveys a deep sense of hopelessness, lack of enjoyment, and a desire for escape. The poster expresses a lack of motivation and a belief that things will not get better. They describe a monotonous routine of playing video games, mourning for death, and listening to sad songs. The mention of wanting to have weed and the negative impact of talking to random people further indicate a state of distress. The overall tone of the post suggests a significant level of emotional pain and despair, which aligns with symptoms commonly associated with depression.",yes
"Yes, the poster suffers from depression. Reasoning: The post describes a state of low desire, where the poster can't bring themselves to do anything but listen to music. Low interest in things, low motivation, and getting bored easily are all symptoms of depression. This indicates that the poster is in a more dangerous emotional state.","Reasoning: The post conveys a strong desire to escape and find solace in music, indicating a lack of interest or enjoyment in other activities. The poster describes everything else as boring, draining, and dull, and states that they receive no mental pleasure from doing anything else. This suggests a potential loss of interest and pleasure in activities that were once enjoyable, which is a common symptom of depression. The overall tone of the post indicates a significant level of emotional distress and a reliance on music as a coping mechanism, which aligns with symptoms commonly associated with depression.",yes
"Yes, the poster suffers from depression. Reasoning: Posts specify a sense of emotional pain, exhaustion, and numbness. The poster describes their life as a marathon that overloads them and no amount of trying can lift their pleasure. Such feelings of powerlessness, low meaning, and numbness are symptomatic of depression, which indicates that the poster is in deep mental torment.","Reasoning: The post conveys a sense of emotional pain and exhaustion. The poster describes feeling overwhelmed and exhausted by even simple tasks, comparing it to running a marathon. This indicates a lack of motivation and energy, which are common symptoms of depression. The poster also mentions trying various methods to alleviate their symptoms, such as exercise, diet, meditation, and medication, but none of them have been effective. This suggests a prolonged struggle with their mental health and a sense of hopelessness. The overall tone of the post is one of sadness, exhaustion, and a lack of enjoyment in life, aligning with symptoms commonly associated with depression.",yes
"Yes, the poster suffers from depression. Reasoning: The poster began by questioning whether people think it's crazy for people who are not depressed to make fun of themselves for claiming to be depressed. The poster used to be able to be unaffected by this sort of thing but now has no ability to laugh off such behavior when they are in a meltdown. This suggests that the posters have been in stressful situations that have made them uncomfortable for a long time, which has traumatized them and triggered their depression.","

Reasoning: The post expresses feelings of frustration and anger towards people who claim to be depressed when they are not. The poster also mentions that everyday is a challenge for them and that they have to force themselves to be alive and conform to societal norms. This suggests a significant level of emotional distress and difficulty in functioning. The mention of feeling like they are falling off the wagon and seeing others treat suicidal thoughts as fun memes further indicates a deep emotional struggle. The poster acknowledges that depression exists on a spectrum and that even depressed people experience different things, but they feel a disconnect between their own experiences and the way others perceive and discuss depression. Overall, the post demonstrates a high level of emotional distress and a sense of isolation, which aligns with symptoms commonly associated with depression.",yes
"No, the poster does not suffer from depression. Reasoning: The post indicates emotional struggles, vulnerability, and challenges in their relationship with their friend, but these factors alone don't necessarily equate to depression.The focus of the post is on seeking solutions to the posters' dilemmas with their friend, which indicates that the overall tone of the post remains rational and positive.","
Reasoning: The post reflects a sense of emotional vulnerability and a pattern of getting hurt in relationships due to giving too much. The poster expresses concern about their best friend's emotional unavailability and the impact it has on their relationship. The mention of the friend's difficulty in expressing emotions and the fear of hurting others suggests a potential underlying emotional issue. The poster also expresses a desire to help their friend open up and find a balance in their relationship. While the post does not exhibit the profound hopelessness or despair commonly associated with very severe depression, it does indicate emotional distress and a need for support and guidance.",yes
"Yes, the poster suffers from depression. Reasoning: Posters put themselves down and infinitely elevate the importance of others, their emotional freedom is taken away from them in the posters' narratives, they see themselves as something insignificant and even mention suicidal thoughts. The poster is expressing feelings of hopelessness, worthlessness, and thoughts of self-harm, which are indicators of serious emotional distress and possibly depression.","

Reasoning: The post exhibits strong emotional indicators of very severe depression. The poster expresses feelings of worthlessness, insignificance, and being used by others. They describe themselves as an ""unimportant piece of shit"" and express thoughts of suicide, believing that no one would care if they were gone. These feelings of hopelessness, lack of self-worth, and thoughts of self-harm align with symptoms commonly associated with very severe depression.",yes
"Yes, the poster suffers from depression. Reasoning: The poster mentions experiencing depression and associates depressive episodes with a loss of appetite. Losing interest in activities one used to enjoy, including eating, is one of the symptoms commonly associated with depression. Additionally, changes in appetite and weight, either loss or gain, can be indicative of depressive episodes for many individuals.","

Reasoning: The post exhibits several indicators of very severe depression. The poster describes a loss of appetite and difficulty in eating when they are depressed. This could be a symptom of depression, as changes in appetite are common in individuals with depressive disorders. The poster also mentions being self-conscious about their weight and struggling with weight gain. This could indicate body image concerns and a negative self-perception, which are often associated with depression. The mention of slipping back into old ways and the weight falling off suggests a pattern of unstable eating habits, which can be indicative of emotional distress. Overall, the post demonstrates a significant impact on the poster's well-being and emotional state, aligning with symptoms commonly associated with very severe depression.",yes
"No, the poster does not suffer from depression. Reasoning: The poster is expressing a dilemma about whether or not to meet their estranged grandfather and is considering various family dynamics and past issues. While they are clearly facing emotional challenges and confusion related to their family's history, there isn't direct evidence in the text to conclude that they are suffering from depression.","Reasoning: The post does not exhibit strong emotional indicators of very severe depression. The main focus of the post is on the dilemma of whether to meet the poster's estranged grandfather. While there is mention of verbal abuse and a strained relationship between the grandfather and the poster's mother, there is no indication of the poster experiencing emotional distress or expressing any symptoms commonly associated with very severe depression. The tone of the post seems more torn and conflicted rather than overwhelmed by negative emotions.",no
"No, the poster does not suffer from depression. Reasoning: The poster is expressing feelings of discomfort, conflict, and a moral dilemma concerning their group of friends' behavior. They're empathetic towards the friend being excluded and are concerned about the ethics of the situation.While the post suggests feelings of unease and distress regarding the situation, it doesn't directly provide evidence that the poster is suffering from depression. The emotions conveyed are related to a specific circumstance involving friendships and a moral standpoint, rather than broader symptoms or feelings commonly associated with depression.","Reasoning: The post does not exhibit strong emotional indicators of very severe depression. The main focus of the post is on a specific issue within the poster's friendship group and their concerns about their friend being excluded. While there is a sense of disappointment and a belief that the situation is unfair, it does not display the profound emotional distress, hopelessness, or lack of enjoyment typically associated with very severe depression. The tone of the post seems more focused on seeking advice and clarifying the situation rather than expressing overwhelming emotional pain.",no
"Yes, the poster suffers from depression. Reasoning: The post suggests that the poster is trapped and defenseless in a compulsive mindset of self-loathing, wanting to self-harm, and wanting to commit suicide. The poster is expressing symptoms often associated with serious emotional distress or depression, specifically mentioning intrusive thoughts and self-harming tendencies.","Reasoning: The post reveals a strong emotional distress and a preoccupation with negative thoughts about oneself. The poster describes intrusive thoughts of self-harm and a desire to die, which are indicative of severe emotional pain and possibly depressive symptoms. The compulsive need to say these thoughts out loud suggests a lack of control and a possible manifestation of the poster's internal struggles. Overall, the post exhibits a high level of emotional distress and self-destructive thoughts that align with symptoms commonly associated with depression.",yes
"Yes, the poster suffers from depression. Reasoning: The post uses intense expressions that suggest profound self-deprecation and a sense of worthlessness. The individual conveys an impression that they are the subject of mockery and disdain, resulting in a sentiment of desolation and despondency. The allusion to a desire for an end and the use of negative self-descriptors indicate a deep emotional turmoil that resonates with characteristics often seen in severe depression.","

Yes, the poster suffers from depression. Reasoning: The post contains strong indicators of very severe depression. The poster expresses feelings of worthlessness, self-hatred, and a desire to die. They describe themselves as a ""worthless piece of shit"" and express a belief that their only purpose is to die. The use of derogatory language towards themselves and their sexual orientation further indicates a deep level of self-loathing and internalized shame. The post also mentions a lack of social support and a history of being ridiculed and downvoted on Reddit, which may contribute to their feelings of isolation and despair. Overall, the post exhibits a high level of emotional distress and despair that aligns with symptoms commonly associated with very severe depression.",yes
"No, the poster does not suffer from depression. Reasoning: The poster express a desire for social connection and admit to being socially awkward, which might indicate feelings of loneliness or difficulty in forming social bonds. However, these feelings are not uncommon among college students or people in general, and it doesn't necessarily mean they are suffering from depression.","Reasoning: The post indicates a desire for social connection and companionship, suggesting a need for emotional support. The mention of being socially awkward and not necessarily wanting to hang out suggests a difficulty in forming relationships and potentially low self-esteem. While the post does not exhibit the deep emotional pain or hopelessness commonly associated with very severe depression, it does indicate a potential struggle with social anxiety and a desire for connection.",yes
"Yes, the poster suffers from depression. Reasoning: Based on the poster's message, they are expressing symptoms that are often associated with depression, such as feelings of hopelessness, helplessness, low self-esteem, and prolonged suffering both mentally and physically. They also mention having a long-term mental illness, which further points towards ongoing mental health challenges.","

Yes, the poster suffers from depression. Reasoning: The post exhibits a profound sense of hopelessness, helplessness, and despair. The poster expresses feelings of being underserving, struggling with both mental and physical illnesses, and having chronic low self-esteem. They mention feeling drained and lacking willpower, as well as questioning the meaning of holding on. The post also mentions feeling scared and lonely. These emotions and thoughts align with symptoms commonly associated with very severe depression.",yes
"Yes, the poster suffers from depression. Reasoning: The poster directly mentions having suicidal thoughts, since high school, which suggests a long-standing history of mental health challenges, and indicates a high level of distress.They also describes a perception of failing at everything and lacking motivation. The poster exhibits multiple indicators of severe emotional and psychological distress, consistent with depressive disorders. The combination of longstanding mental health struggles, recent traumatic events (like the arrest), loss of coping mechanisms, interpersonal difficulties, and the expressed suicidal ideation creates an alarming picture.","

Yes, the poster suffers from depression. Reasoning: The post exhibits several indicators of very severe depression. The poster describes having suicidal thoughts, feeling like a failure in multiple aspects of their life, lacking motivation, and experiencing a decline in self-esteem. They express a lack of self-worth and a belief that they are not good at anything. The mention of making mistakes and not being the best wife suggests a high level of self-criticism and feelings of inadequacy in their relationships. The poster also mentions using marijuana as a coping mechanism for depression and expresses fear and uncertainty about taking medication. The mention of the arrest and facing felony charges adds additional stress and potential feelings of hopelessness. The overall tone of the post conveys a deep sense of despair, self-destructive thoughts, and a decline in mental health, indicating a significant level of emotional distress that aligns with symptoms commonly associated with very severe depression.",yes
"No, the poster does not suffer from depression. Reasoning: The poster is expressing distress and confusion due to interpersonal conflicts with friends. They describe issues of trust, misunderstandings, and a feeling of being targeted by rumors. The text focuses on navigating a complex friendship dynamic and determining how to respond to the situation. While this certainly indicates emotional turmoil, there's no direct indication of depression in the description. Instead, the concerns are primarily about how to manage this particular challenging situation with friends.","Reasoning: The post does not exhibit strong emotional indicators of very severe depression. It primarily focuses on a specific situation involving a conflict with a friend and the poster's uncertainty about how to handle it. While there may be some emotional distress and frustration expressed, it does not display the profound hopelessness, despair, or self-esteem issues commonly associated with very severe depression. The tone of the post seems more concerned with seeking advice and resolving a specific interpersonal conflict rather than expressing overwhelming emotional distress.",no
"Yes, the poster suffers from depression. Reasoning: The poster is expressing feelings commonly associated with depression. They highlight external misunderstandings about their condition, exhibit significantly low self-worth, and recognize their own negative thought patterns but feel trapped in them. Their sentiments suggest they are struggling with depressive feelings and possibly a depressive disorder.","

Yes, the poster suffers from depression. Reasoning: The post expresses feelings of confusion and frustration towards people who try to shame the poster for their depression. The poster describes being asked why they live like this and being compared to their brothers, which suggests that they may be experiencing feelings of inadequacy and self-doubt. The mention of having a low opinion of oneself and the fear of being hated further indicates a negative self-perception and a lack of self-worth, which are common symptoms of depression. The overall tone of the post conveys a sense of hopelessness and defeatism, aligning with the emotional distress often associated with depression.",yes
"Yes, the poster suffers from depression. Reasoning: The poster is expressing feelings and situations that are commonly associated with depression. They mention feelings of self-doubt, emotional instability, experiencing panic attacks due to work stress, and a sense of hopelessness regarding their life situation. The overall tone and content of the message strongly suggest that the poster may be suffering from depression or a related mental health condition.","

Yes, the poster suffers from depression. Reasoning: The post conveys a strong sense of emotional distress and negative emotions, such as feeling like life is a ""complete crap"" and being emotionally unstable. The poster mentions holding their feelings in and experiencing panic attacks, indicating a lack of emotional well-being. The mention of quitting a job due to panic attacks suggests a struggle with anxiety and the impact it has on their daily functioning. The overall tone of hopelessness and despair aligns with symptoms commonly associated with depression.",yes
"Yes, the poster suffers from depression. Reasoning: The poster is expressing very clear and concerning symptoms of severe depression or a related mental health condition. They mention recurrent suicidal ideation, feelings of isolation, the perception of being a burden to others, a lack of motivation, and a sense of hopelessness about their future. These are all significant warning signs.","Reasoning: The post clearly indicates that the poster is experiencing suicidal thoughts and feelings of extreme loneliness. They express a lack of motivation and a sense of hopelessness in their life, as well as a concern for the impact their actions may have on others. The mention of specific methods of self-harm and the desire to spare others from the trauma suggests a high level of distress and desperation. These emotional indicators align with symptoms commonly associated with very severe depression.",yes
"Yes, the poster suffers from depression. Reasoning: The poster emphasizes feeling like their friends aren't really there for them despite their efforts to reach out.They mention feeling hurt by the perception that their friends don't care as much for them as they do for their friends.They openly state that they struggle with depression and express feelings of loneliness and lack of support.The feelings of perceived isolation, coupled with their explicit mention of struggling with depression and lacking a support system, strongly indicate that the poster may be suffering from depression or experiencing depressive symptoms.","

Reasoning: The post indicates a sense of emotional distress and loneliness. The poster expresses concern for their friends who struggle with depression and reaches out to them regularly, indicating a genuine care for their well-being. However, the poster also mentions feeling left on ""read"" or receiving lukewarm responses, suggesting a lack of reciprocation or support from their friends. This can contribute to feelings of isolation and sadness, especially when the poster also mentions struggling with depression themselves and having no one to talk to. The overall tone of the post conveys a sense of emotional pain and a longing for connection, which aligns with symptoms commonly associated with depression.",yes
"Yes, the poster suffers from depression. Reasoning: The emphasis on the joy derived from a simple message notification suggests a deep yearning for connection and validation.The explicit statement ""Oh god I'm so miserable"" clearly expresses distress.Their appreciation for the community of /r/depression and the mutual feeling of belonging they get from it indicates a search for understanding and shared experiences with others who are likely going through similar struggles.They clarify that their sentiment isn't just a cry for attention, suggesting an awareness of potential judgments but a sincere appreciation for the community support.The combination of these expressions indicates a person who is seeking connection and feels isolated in their experience. Their direct admission of feeling miserable further supports the likelihood that they may be suffering from depression or experiencing depressive symptoms.","

Yes, the poster suffers from depression. Reasoning: The post expresses conflicting emotions. The poster mentions feeling happy and wanted when receiving comments on their post, which suggests a desire for connection and validation. However, they also describe themselves as miserable and feeling alone. This contradiction suggests a significant level of emotional distress and a possible struggle with depression. The mention of feeling alone and the need for validation from others aligns with common symptoms of depression, such as feelings of isolation and a lack of self-worth.",yes
"Yes, the poster suffers from depression. Reasoning: The poster mentions that activities and passions they once enjoyed now hold no meaning for them. ""I feel dead and lifeless"" indicate severe emotional distress and feelings of emptiness.They reference negative reactions from others when they expressed their passions, which can contribute to feelings of isolation or rejection.The daily anger and existential questioning (""wondering what the hell the point of this is"") show persistent negative emotions.The poster acknowledges a history of severe suicidal thoughts and expresses concern about returning to that state. ""It’s so hard to be happy"" and ""I’m starting to give up"" convey a sense of hopelessness and despair.These feelings and sentiments are strong indicators that the poster may be suffering from depression or a related mental health condition.","Reasoning: The post conveys a strong sense of emotional pain, hopelessness, and despair. The poster describes feeling dead and lifeless, and expresses a lack of enjoyment in activities that used to bring them pleasure. They mention feeling angry every day and questioning the purpose of their existence. The mention of being extremely suicidal in the past and falling back into that state suggests a history of depressive symptoms. The overall tone of the post indicates a significant level of emotional distress and a sense of giving up, which aligns with symptoms commonly associated with depression.",yes
"Yes, the poster suffers from depression. Reasoning: The poster conveys a profound sense of hopelessness and despair. They express a lack of understanding of their purpose in life and feel a significant disconnection from meaningful relationships. They describe themselves using highly negative terms and exhibit tendencies toward escapism as a means to cope. The individual's mention of therapy suggests they've sought help but haven't found it beneficial. Importantly, there's an explicit expression of suicidal ideation in the content, indicating an acute level of distress.","Reasoning: The post exhibits several indicators of very severe depression. The poster expresses feelings of hopelessness, worthlessness, and a lack of purpose in life. They describe a lack of social support and connection, with friends and family being dismissive or unhelpful. The mention of feeling ugly, awkward, and lacking romantic or sexual experiences further contributes to a negative self-perception. The poster also mentions engaging in escapist behaviors and isolating themselves from reality, which can be indicative of avoidance or disengagement. The statement about not comprehending why they wouldn't end their life suggests a significant level of despair and thoughts of self-harm. Overall, the post conveys a deep sense of emotional distress and a lack of hope for the future, aligning with symptoms commonly associated with very severe depression.",yes
"No, the poster does not suffer from depression. Reasoning: The poster describes a classmate who exhibits aggressive, domineering, and confrontational behavior. This individual seems to be seeking control over their peers, often resorting to public humiliation and indirect, passive-aggressive tactics rather than direct communication. The bully's actions cause distress among classmates, and attempts to involve authority figures like teachers haven't been successful.While the behaviors described are indicative of someone with potentially deep-seated issues or insecurities, it's not conclusive evidence that the aggressive classmate suffers from depression.","Reasoning: The post conveys a sense of frustration and annoyance with a classmate who exhibits bullying behavior. The poster describes the classmate's actions as rude, insulting, and disruptive, and expresses confusion and concern about her behavior. The mention of the classmate shouting and talking loudly suggests a lack of self-control and potentially a need for attention or validation. The poster also mentions seeking advice and help from others, indicating a desire for resolution and support. While the post does not exhibit the deep emotional pain or hopelessness commonly associated with very severe depression, it does reflect a level of distress and a need for guidance and assistance in dealing with the classmate's behavior.",yes
"Yes, the poster suffers from depression. Reasoning: The poster communicates a profound sense of numbness and disinterest in activities that people typically find enjoyable. They report an inability to feel emotions, resulting in a lack of enjoyment in previously liked activities. Their routine is monotonous, revolving around work and aimless browsing, with no anticipation of leisure or relaxation even after a workday. They express a preference for prolonged work hours, not out of passion, but seemingly as a way to fill the emptiness they experience.The poster's expressed feelings of emotional numbness, lack of enjoyment, and a monotonous daily routine strongly suggest they may be suffering from depression. The numbness and lack of interest in activities are common symptoms of depression.","Reasoning: The post expresses a lack of enjoyment in activities that used to bring pleasure, indicating a loss of interest and anhedonia, which are common symptoms of depression. The poster describes feeling numb and unable to feel anything, suggesting emotional numbness and a lack of emotional response. The mention of not being able to enjoy anything, not looking forward to coming home, and the desire to work longer hours without any enjoyment further supports the presence of depression. The overall tone of the post conveys a sense of hopelessness, lack of fulfillment, and a desire to escape from the dullness of life, which aligns with symptoms commonly associated with depression.",yes
"No, the poster does not suffer from depression. Reasoning: The poster appears to be dealing with social dynamics and the complexities of friendships in a grad school setting. While they express some feelings of guilt and uncertainty about their actions, the information given does not provide strong evidence that the poster is suffering from depression.","Reasoning: The post does not exhibit strong emotional indicators of very severe depression. While there may be some frustration and annoyance expressed about the girl constantly texting and questioning why she wasn't invited, it does not convey the profound hopelessness, despair, or self-esteem issues commonly associated with very severe depression. The focus of the post is on a specific social situation and seeking advice rather than expressing overwhelming emotional distress.",no
"Yes, the poster suffers from depression. Reasoning: The poster conveys a feeling of despondency about life's ups and downs. They express that even during what are supposed to be ""good times"", they can't fully appreciate or enjoy them. The sentiment that life's positive moments don't outweigh the negative ones for them is a recurring theme in their words. Furthermore, the poster feels detached or distant from the typical joys of life, suggesting that positive moments have little to no impact on their overall perception of their existence. The poster displays signs that are commonly associated with feelings of depression, such as anhedonia (the inability to feel pleasure), a negative outlook on life, and a feeling that life's challenges outweigh its rewards. The sentiment expressed about not finding worth in the good times due to the pervasive presence of the bad times is indicative of a depressive mindset.","

Yes, the poster suffers from depression. Reasoning: The post expresses a deep sense of hopelessness and a lack of enjoyment in life, even during good times. The poster mentions that the good times don't make the bad times worth living and that even the good times are tainted and barely noticeable. This indicates a significant level of emotional distress and a negative perception of life. The post also mentions difficulty in experiencing enjoyment and a lack of fulfillment in life, which are common symptoms of depression. Overall, the tone and content of the post suggest that the poster may be suffering from depression.",yes
"No, the poster does not suffer from depression. Reasoning: The poster is grappling with the aftermath of being caught in a lie by their mother. The situation has led to confrontations and feelings of guilt, shame, and confusion.But they're not expressing chronic feelings of sadness or a pervasive depressive mood.The overall tone of the post is skewed towards seeking advice rather than expressing depression.","Reasoning: The post displays several emotional indicators of very severe depression. The poster expresses feelings of worthlessness, guilt, and confusion in response to their mother's reaction to their actions. They mention feeling like they don't need to update people every 10 minutes, suggesting a lack of self-worth and a sense of isolation. The mention of feeling like they are 14 years old and the comparison to their age further reinforces the negative emotions and low self-esteem. The post also includes a question about how to deal with the situation, indicating a sense of helplessness and a need for support. Overall, the emotional distress and negative self-perception exhibited in the post align with symptoms commonly associated with very severe depression.",yes
"No, the poster does not suffer from depression. Reasoning: The poster is experiencing significant frustration over their declining motor skills and coordination. They are struggling with activities that they once found easy or intuitive, such as drawing, playing video games, and typing. The described challenges go beyond mere lack of practice and are causing them noticeable distress. While the poster does express feelings of frustration, irritation, and difficulties in performing usual tasks, these symptoms alone do not definitively point to clinical depression. Changes in motor coordination and concentration can be symptomatic of various conditions.","

Yes, the poster suffers from depression. Reasoning: The post conveys a sense of frustration and difficulty in performing tasks that were once easy for the poster. They mention struggling with drawing, pressing the wrong buttons while playing video games, and making typos while typing. This suggests a lack of coordination and concentration, which could be symptoms of depression. The poster also expresses irritation and a sense of hopelessness, indicating a negative emotional state. The overall tone of the post is one of frustration and disappointment, aligning with symptoms commonly associated with depression.",yes
"Yes, the poster suffers from depression. Reasoning: The poster reveals a series of troubling experiences: difficulty getting out of bed, job loss due to debilitating feelings, strained family relations rooted in disbelief about their emotional state, and an estrangement from friends leading to feelings of loneliness and neglect.Based on the provided information, it seems highly likely that the poster is suffering from depression. The symptoms they describe - lack of motivation, job loss related to emotional struggles, feelings of isolation from family and friends, and the overarching sense of being forgotten - align with common indicators of depression.","Reasoning: The post conveys a deep sense of emotional pain and isolation. The poster describes struggling to get out of bed and losing their job due to depression. They also mention that their family does not believe in their depression and has stopped reaching out to them. The poster expresses feelings of being forgotten and the pain it causes. These emotions align with symptoms commonly associated with depression, such as social withdrawal, loss of interest in activities, and feelings of worthlessness.",yes
"Yes, the poster suffers from depression. Reasoning: The poster describes a reliance on romantic relationships or infatuations to combat feelings of depression. When in love, they feel elated, but in the absence of that affection or connection, they fall into a depressive state. The poster does exhibit signs consistent with depression, especially in how they describe their reliance on relationships to mitigate feelings of sadness and the way their mood plummets once a romantic relationship or infatuation ends.","Reasoning: The post expresses feelings of emptiness and a belief that a relationship or crush is necessary to give their life meaning. The poster also mentions that being in love or lust makes them feel good, but when something happens to the relationship, their depression comes back stronger. This suggests a reliance on external validation and emotions to feel fulfilled, which can be indicative of depression. The post also acknowledges the need to work on self-improvement and kicking their depression, indicating a recognition of their own struggles and a desire to overcome them. Overall, the post reflects emotional distress and a focus on external sources of happiness, which aligns with symptoms commonly associated with depression.",yes
"Yes, the poster suffers from depression. Reasoning: The poster shows symptoms that are consistent with depression. Their fixation on a happier time, feelings of increasing despair, and questions about the future indicate a struggle with their mental and emotional well-being.The poster reflects on a specific time period in their life, namely 2013 and 2014, when they felt genuinely happy. They indicate that since that time, their life has undergone significant changes, and their depression has intensified. The poster seems to grapple with feelings of nostalgia and expresses distress over the contrast between their past happiness and their current state. They question whether their situation will improve and convey a sense of hopelessness about their future.","

Yes, the poster suffers from depression. Reasoning: The post expresses a strong sense of nostalgia and a longing for a previous time when the poster felt truly happy. They describe their current life as ""crappy"" and express a belief that things will not get better. The mention of worsening depression and the impact of nostalgia on their emotional state indicate a significant level of emotional distress and a negative outlook on the future, which aligns with symptoms commonly associated with depression.",yes
