goldens,generated_text
"No, the poster does not suffer from stress. Reasoning: The poster expresses frustration and perhaps a sense of injustice regarding the treatment of their friend, it's not explicitly clear if the poster themselves is experiencing stress. They seem more concerned with the unfairness of the situation.","

No, the poster does not suffer from stress. Reasoning: The poster is expressing frustration and disappointment with someone who asked for their friend's help but did not prepare anything and made them wait for a long time. While the situation may be stressful and inconvenient, there is no indication that the poster is suffering from ongoing stress. The post is focused on a specific incident and the poster's feelings about it, rather than reflecting broader emotional distress."
"Yes, the poster suffers from stress. Reasoning: Given the nature of the poster's job description and the fact that they often encounter questions beyond their expertise, it is likely that the poster experiences stress. Handling a steady flow of inquiries and potentially not always having the answers can create feelings of inadequacy or pressure to provide the best service, both of which can contribute to stress.","

No, the poster does not suffer from stress. Reasoning: The poster is describing their job responsibilities and the challenges they face in providing assistance to employees. While they mention that some employees have questions beyond their knowledge base, there is no indication of emotional distress or anxiety in their language. The post is focused on the specific tasks and challenges of their job rather than expressing personal stress."
"Yes, the poster suffers from stress. Reasoning: Given the combination of concerns over the housing situation and the emotional implications of hearing about their ex, it is likely that the poster is experiencing stress. The feeling of helplessness, fear, and the added tension from the past relationship indicates a heightened level of emotional strain.","

No, the poster does not suffer from stress. Reasoning: The poster expresses feelings of helplessness and fear, as well as a desire to die. They also mention their ex ruining their life and the potential encounter with their ex. These emotions and experiences are indicative of significant distress and potential trauma. However, the post does not provide enough information to determine if the poster is currently suffering from stress. It is important to note that experiencing distress and trauma does not necessarily mean someone is currently suffering from stress."
"Yes, the poster suffers from stress. Reasoning: The poster shares an emotionally charged memory about their ex-partner who would frequently respond with the phrase ""Do you want me to go with you?"" regardless of the context. The poster recalls this memory with evident negative emotions and also mentions having shared it with their current boyfriend. The phrase seems to have triggered a strong reaction in the poster, indicating that it might be a sensitive topic for them. They expressed a need to share this with a community where others might understand and validate their feelings. Given the emotional weight the poster associates with this memory and the reaction they had even at the mention of a similar phrase, it is probable that the poster is experiencing stress related to past experiences and emotional triggers. The need to share and be understood suggests a seeking of support and validation in coping with these feelings.","

No, the poster does not suffer from stress. Reasoning: The poster is expressing a desire to share a difficult memory with their current boyfriend and seeking validation from others who may understand. While the poster acknowledges that this memory is causing them distress, there is no indication of ongoing stress or emotional distress beyond this specific incident. The language used suggests that the poster is seeking support and understanding rather than expressing significant emotional distress."
"Yes, the poster suffers from stress. Reasoning: The poster seems to be experiencing internal conflict and uncertainty regarding their feelings towards their boyfriend, which could be sources of stress. Their hesitation in communicating these feelings, especially given their boyfriend's expressed sentiments, also suggests a fear of potential conflict or hurting their partner, adding to the potential stress.","

No, the poster does not suffer from stress. Reasoning: The poster is expressing uncertainty and confusion about their feelings towards their boyfriend. While they acknowledge that a conversation will need to be had, there is no indication of emotional distress or anxiety. The post does not show any signs of ongoing stress, but rather a desire to understand and sort out their feelings."
"Yes, the poster suffers from stress. Reasoning: The poster had to deal with a situation that required police intervention, as indicated by the mention of a police report. Additionally, they mentioned having to spend the night at a friend's due to cold conditions. Both these situations suggest unexpected or unplanned events, which could be sources of stress. While the poster maintains a composed tone in the message, the situations described are typically associated with stress or discomfort.","

No, the poster does not suffer from stress. Reasoning: The poster's language in this post does not indicate any emotional distress or anxiety. They are simply providing additional information in response to a request and mentioning that they spent the night at a friend's house due to the cold weather. There is no indication of ongoing stress or emotional struggle in this post."
"No, the poster does not suffer from stress. Reasoning: The post's wording doesn't suggest significant emotional upheaval. The author is outlining a potential housing solution and delving into its regulations and prerequisites. There's no hint of the poster's personal stress or emotional struggle. Instead, the content leans more towards sharing information about a proposed scenario rather than conveying personal feelings.","

No, the poster does not suffer from stress. Reasoning: The post does not indicate any emotional distress or anxiety. It is a straightforward explanation of a concept and does not express any personal emotions or experiences. Therefore, there is no indication that the poster is suffering from stress."
"Yes, the poster suffers from stress. Reasoning: The post conveys feelings of frustration and agitation due to consistent noise from roommates and the professor's manner of teaching. The language suggests sensory overload, difficulty sleeping, and challenges in managing emotions. The mention of feeling like ""storming out"" indicates a heightened emotional response, all of which point to the poster experiencing stress.","

Yes, the poster suffers from stress. Reasoning: The poster describes feeling anger and frustration due to the constant noise and sensory overload in their living situation and in one of their classes. This suggests that they are experiencing high levels of stress and anxiety. The poster also mentions difficulty sleeping and concentrating, which are common symptoms of stress. Overall, the language used and the context of the post indicate that the poster is likely suffering from stress."
"Yes, the poster suffers from stress. Reasoning: The post conveys a series of traumatic and challenging experiences: facing abusive family members, needing to relocate, not having stable accommodation, facing financial challenges, and having to part with a beloved pet. The overall tone of the post is one of desperation and distress, suggesting that the poster is experiencing significant emotional and situational stress.","

Yes, the poster suffers from stress. Reasoning: The language used in the post indicates a high level of distress and desperation. The poster describes their family as abusive and states that they have to leave the state and stay with family in the south. They express that it is not working out and that they are being sent back to Ohio because they are a financial problem, despite having a job. The poster also mentions getting rid of their beloved cat in order to have options. These factors suggest that the poster is experiencing significant stress and anxiety due to their family situation and lack of stable housing."
"Yes, the poster suffers from stress. Reasoning: The post directly references PTSD (Post-Traumatic Stress Disorder), which is a mental health condition caused by experiencing or witnessing traumatic events. The poster seems to be drawing from personal experiences and expressing frustration about misconceptions regarding what triggers PTSD. The intense emotions conveyed and the mention of witnessing or being part of traumatic events suggest that the poster has personally experienced trauma and its aftermath, leading to stress.","

Yes, the poster suffers from stress. Reasoning: The poster's language indicates a high level of emotional distress and frustration. They describe PTSD as life-changing for the worse and a daily fight. They also mention getting into a fist fight in high school, suggesting that they have experienced traumatic events. The poster emphasizes that playing video games and having bad dreams do not cause PTSD, indicating that they have firsthand knowledge of the condition. Overall, the language used and the content of the post suggest that the poster is likely suffering from stress related to their experiences with PTSD."
"Yes, the poster suffers from stress. Reasoning: The post contains multiple stressors, including fear for the well-being of the dog due to past abuse, concern about potential future abuse by the husband, financial insecurity due to lack of a job, an unfinished college education, and feeling trapped in the current situation with no apparent escape. The direct statement ""I feel so hopeless about everything"" reinforces the notion of emotional distress and a sense of being overwhelmed.","

Yes, the poster suffers from stress. Reasoning: The poster expresses feelings of hopelessness and desperation, as well as fear for the well-being of their dog. They mention multiple stressors in their life, including their husband's abusive behavior towards their dog, lack of employment and education, and lack of a support system. The overall tone of the post indicates a high level of emotional distress and a sense of being overwhelmed by their current situation. These factors suggest that the poster is likely suffering from stress."
"Yes, the poster suffers from stress. Reasoning: The language of the post indicates a strong emotional dependence on another individual. Phrases such as ""terrifies me back into his arms every fucking time"" and ""I don't wanna go to sleep knowing hes not going to be in bed with me"" suggest an anxiety related to the absence of this individual and a potential fear of being alone. The intense yearning and emotional reliance indicated in the post can be associated with feelings of stress, especially when the individual is not present.","

Yes, the poster suffers from stress. Reasoning: The poster's language reflects a high level of emotional distress and attachment to their partner. They express a strong desire to be in their partner's arms and a fear of being away from them. This indicates that the poster may be experiencing high levels of anxiety and stress in their relationship. Additionally, the use of profanity and the emphasis on the importance of being in bed with their partner further suggest that the poster is experiencing intense emotions and may be overwhelmed. Overall, the language used and the content of the post indicate that the poster is likely suffering from stress."
"No, the poster does not suffer from stress. Reasoning: The writer describes a scenario where their partner frequently inquires about their previous relationships, which could possibly stem from jealousy. The tone of the post is measured and factual, implying that while there might be some discomfort, it doesn't seem to be causing severe emotional turmoil for the poster.","

No, the poster does not suffer from stress. Reasoning: The poster does not express any emotions of stress in this post. They mention being curious about their partner's past and feeling jealousy, but there is no indication of emotional distress or anxiety. The post seems to be more focused on the dynamics of their relationship and the poster's curiosity rather than any negative emotions."
"Yes, the poster suffers from stress. Reasoning: The poster mentions fluctuating emotional states, experiencing intense pain linked to past events, feelings of guilt, and concerns about how their past might affect their relationship. The language suggests an ongoing internal struggle, and the statement ""I certainly wish I could get away from me sometimes"" highlights a significant level of distress.","

Yes, the poster suffers from stress. Reasoning: The poster's language and emotions expressed in the post indicate a high level of emotional distress and anxiety. They describe feeling floored by pain and feeling guilty for the strong reactions they experience, even many years later. They also express fear that their past will drive their partner away. These emotions and concerns are indicative of ongoing stress and emotional turmoil."
"Yes, the poster suffers from stress. Reasoning: The poster describes experiencing nervousness and anxiety in various situations, such as during interviews and even in seemingly random scenarios. The mention of ""social anxiety"" and the example of getting anxious in unexpected places indicate that the individual experiences heightened levels of stress in social or unfamiliar situations. The reflection on their reactions in different scenarios suggests an ongoing internal effort to understand and cope with these feelings.","

No, the poster does not suffer from stress. Reasoning: The poster is expressing their experience with job interviews and their thoughts on expectations and anxiety. While they mention feeling nervous and wanting the employer to like them, there is no indication of ongoing emotional distress or anxiety in other areas of their life. The post is focused on a specific topic and does not suggest that the poster is suffering from stress."
"Yes, the poster suffers from stress. Reasoning: The opening line suggests a struggle with sleep, implying that rest isn't straightforward for the individual. Feeling that they ""screwed"" themselves upon waking up at an unusual hour and the immediate instinct to correct the situation suggests that there's an ongoing concern or stress surrounding sleep patterns for this person. Even though they experienced a positive discovery at the end, the initial sentiments indicate an underlying stress about sleep.","

No, the poster does not suffer from stress. The poster is describing a specific incident where they accidentally fell asleep early and woke up late, but they do not express any negative emotions or distress about this situation. Instead, they mention feeling amazed by what they discovered during this period of time. This indicates that the poster is not suffering from stress in this instance."
"Yes, the poster suffers from stress. Reasoning: The poster mentions feeling a connection with genres like Post Hardcore/Alternative, which often tackle emotional and sometimes distressing topics. They also reference knowing of ""Anxiety"" and previously perceiving it as just a part of their personality rather than something treatable. This suggests they may have had unrecognized or untreated anxiety. The closing lines, where they talk about seclusion, playing video games, and swimming to ""keep sane,"" also hint at coping mechanisms to deal with underlying stress or emotional challenges.","

No, the poster does not suffer from stress. The poster is reflecting on their past experiences and emotions, but there is no indication of current emotional distress or anxiety. The language used suggests a sense of nostalgia and reflection rather than ongoing stress. Additionally, the poster mentions activities that helped them cope with their anxiety, indicating that they have developed strategies to manage their stress levels."
"No, the poster does not suffer from stress. Reasoning: The post conveys a largely upbeat and hopeful attitude. The writer discusses their capability in juggling both work and studies, having self-confidence, and the foresight of saving money before returning to school. Though they mention certain hurdles like not receiving parental support and the need to maintain equilibrium between job and education, the general sentiment implies they are handling their circumstances well. The narrative doesn't hint at intense stress.","

No, the poster does not suffer from stress. The poster is describing a manageable situation where they are able to balance their work and school responsibilities. They express confidence in their ability to handle this balance and provide details about their living arrangements and financial situation. While there may be some stressors involved in juggling work and school, there is no indication of ongoing emotional distress or difficulty coping with these challenges."
"No, the poster does not suffer from stress. Reasoning: The post indicates that the writer has found a quote which has had a lasting impact on them. They discuss having an open perspective, even hinting they might be too open-minded at times. However, there doesn't appear to be any significant emotional distress conveyed in their message. Instead, the tone is more contemplative and thoughtful than one of personal struggle.","

No, the poster does not suffer from stress. Reasoning: The poster is reflecting on a quote about anxiety and the nature of the future, but there is no indication of personal emotional distress or anxiety in their language. The poster seems to be analyzing the concept of anxiety rather than expressing their own emotional state. Therefore, it is unlikely that the poster is suffering from stress based on this post."
"Yes, the poster suffers from stress. Reasoning: The poster explicitly mentions feeling ""on edge constantly"" and feeling like there's ""zero mental energy left."" They describe being overwhelmed by prolonged social interactions and express a desire for alone time to ""recharge"" mentally. The tone and content both suggest that they are feeling drained and stressed due to their current circumstances.","

Yes, the poster suffers from stress. Reasoning: The poster's language indicates a high level of emotional distress and exhaustion. They describe feeling constantly on edge and in need of a break to ""start over."" They also mention feeling zero mental energy and needing time alone to ""recharge."" These statements suggest that the poster is experiencing ongoing stress and is in need of a break from social interactions."
"No, the poster does not suffer from stress. Reasoning: The poster describes a situation where they poked fun at someone for their browsing habits, but there isn't strong evidence of personal distress or significant stress. While there may be some potential discomfort or awkwardness in the situation, the overall tone of the post suggests a more casual recounting of an event rather than a deeply stressful experience.","

No, the poster does not suffer from stress. Reasoning: The poster is discussing a situation where they joked about looking at their partner's browser history after seeing a recently viewed tab for porn. While there may be some embarrassment or discomfort in this situation, there is no indication of ongoing stress or emotional distress. The poster acknowledges that they understand their partner's embarrassment but does not express any personal distress or anxiety. Therefore, the poster does not appear to be suffering from stress based on this post."
"Yes, the poster suffers from stress. Reasoning: The language and tone of the post indicate feelings of sadness, resignation, and uncertainty. The poster mentions experiencing multiple breakups, feelings of misery, and a belief that they may remain alone for the rest of their life. These sentiments, combined with the comparison to their family members, suggest a sense of isolation and a perceived lack of belonging. The overall context of the post indicates emotional distress and a potential for stress.","

No, the poster does not suffer from stress. Reasoning: The poster is expressing feelings of loneliness and uncertainty about their relationship status. While they mention feeling miserable for a while, there is no indication of ongoing emotional distress or anxiety. The post is more reflective and contemplative in nature, rather than indicating a high level of stress."
"Yes, the poster suffers from stress. Reasoning: The poster is questioning multiple aspects of their life, indicating indecision and uncertainty. They are contemplating the pros and cons of different colleges, as well as reevaluating the dynamics of their personal relationship. The use of multiple questions in succession shows a level of internal conflict, which can be indicative of stress.","

Reasoning: The poster is expressing uncertainty and indecision about their future plans and relationship. They are contemplating whether to stay and save money or go to college and potentially limit their time with their partner. While the post does not explicitly indicate stress, the language used suggests a level of anxiety and pressure. The poster is weighing different options and seeking advice, which can be a common source of stress for many individuals. Therefore, the poster may be suffering from stress, but it is not explicitly stated in the post."
"Yes, the poster suffers from stress. Reasoning: The language used in the post reveals that the individual is dealing with both physical discomfort (itching wrists, bruises) and emotional distress (nightmares). The phrase ""Nightmare on top of nightmare"" suggests that the individual is facing recurring emotional turmoil, possibly reliving past traumas or experiencing intense negative emotions. This combination of physical and emotional challenges strongly suggests the presence of stress.","

Yes, the poster suffers from stress. Reasoning: The poster's language reflects a high level of emotional distress and anxiety. They mention physical symptoms (itching wrists) that can be associated with stress. They also mention past bruises and nightmares, indicating a history of trauma or distressing experiences. The use of profanity and the repetition of the phrase ""nightmare on top of nightmare"" suggest that the poster is overwhelmed and struggling to cope with their emotions. Overall, the language and content of the post indicate that the poster is likely suffering from stress."
"Yes, the poster suffers from stress. Reasoning: The description of life with their father reveals an unstable and emotionally turbulent environment. The father's frequent drinking, anger, mood swings, and physical aggression, even if it was more severe towards the oldest brother, are sources of stress. Moreover, the role reversal where the child is made to listen and comfort the father about his traumatic childhood further adds emotional strain. Such an environment can result in emotional distress and long-term stress for the individual recounting these experiences.","

Yes, the poster suffers from stress. Reasoning: The poster describes a tumultuous and potentially abusive family environment, with the father exhibiting angry and unpredictable behavior. The poster also mentions being physically abused by the father, which is a traumatic experience. Additionally, the poster describes being forced to listen to the father talk about his sad childhood and comfort him, indicating a lack of boundaries and emotional manipulation. These experiences suggest that the poster is likely suffering from ongoing stress and trauma."
"Yes, the poster suffers from stress. Reasoning: The primary indication of potential stress is the fact that the poster has been homeless since the beginning of the month. Even if they anticipated this situation, being homeless is inherently stressful due to the uncertainties and challenges it presents. Additionally, while the poster has a job and thus some financial stability, their dissatisfaction with affordable food options can add to daily stress. Their shift in preferences and potential health concerns also hint at underlying stressors.","

No, the poster does not suffer from stress. Reasoning: The poster is discussing their experience of being homeless and the changes they have made in their life, including their dietary preferences. While they mention not caring for meat as much and finding fast food gross, there is no indication of emotional distress or anxiety in their language. The post seems to be more focused on their personal preferences and changes in their eating habits rather than a reflection of ongoing stress."
"Yes, the poster suffers from stress. Reasoning: The poster mentions several factors indicating potential stress. They express a lack of direction in life, nervousness about securing employment, feelings of loneliness due to prioritizing work over personal relationships, and issues within their romantic relationship, including feeling unloved and not prioritized. The accumulation of these concerns and the expressed uncertainty about their feelings towards their boyfriend suggests a state of emotional turmoil and potential stress.","

Yes, the poster suffers from stress. Reasoning: The poster expresses feelings of lack of direction, nervousness, loneliness, and uncertainty in their relationship. They also mention feeling numb and not feeling loved or like a priority to their boyfriend. These emotions and experiences indicate a high level of stress and emotional distress."
"Yes, the poster suffers from stress. Reasoning: The poster expresses doubt and uncertainty about their partner's feelings and their own feelings towards their partner. The use of phrases such as ""I don't know"" multiple times suggests confusion and inner turmoil. The mention of feeling ""numb"" and questioning whether this numbness might be related to other stressors in their life further indicates emotional distress and potential stress. The urgency in their tone, as emphasized by the final ""What do I do,"" suggests a state of concern and tension.","

Yes, the poster suffers from stress. Reasoning: The poster expresses feelings of uncertainty and confusion about their relationship, questioning their own feelings and wondering if they are being clingy. They also mention feeling numb, which could be a symptom of stress. Overall, the language used and the content of the post suggest that the poster is experiencing emotional distress and may be suffering from stress."
"Yes, the poster suffers from stress. Reasoning: The poster explicitly mentions feelings of terror, shame, and being ""deeply ashamed"" of their anxiety. The fact that they feel paralyzed in their decision-making due to fear of making the ""wrong"" choice indicates significant emotional turmoil. Additionally, the contrast they draw between their usual confidence and the immobilizing effect of anxiety during ""one of those times"" further highlights the depth of their distress. The reference to their current situation as ""extremely detrimental"" also points to the adverse impact of their anxiety on their well-being.","

Yes, the poster suffers from stress. Reasoning: The poster's language indicates a high level of anxiety and fear about making the ""wrong"" decision. They describe feeling like a loser and being deeply ashamed of their anxiety, suggesting that it is impacting their self-esteem and emotional well-being. The poster also mentions that anxiety targets them and makes them feel immovable, indicating that they are struggling to take action and move forward. Overall, the language used and the context of the post suggest that the poster is likely suffering from stress."
"Yes, the poster suffers from stress. Reasoning: The poster describes deep emotional reactions such as weeping and feelings of worthlessness. They also mention the strain in their relationship, as evidenced by instances of lashing out at their girlfriend and feeling regret afterwards. The reference to their past with their mother, the need to be ""rescued,"" and the mention of their psychological issues all indicate significant emotional turmoil and stress.","

Yes, the poster suffers from stress. Reasoning: The poster's language indicates a high level of emotional distress and self-doubt. They describe feeling worthless, having nothing to offer, and lashing out at their girlfriend. The poster also mentions their girlfriend's understanding of their psychological issues, suggesting that they are dealing with ongoing mental health challenges. Overall, the language used and the content of the post indicate that the poster is likely suffering from stress."
"No, the poster does not suffer from stress. Reasoning: While the poster does show some level of social anxiety or discomfort (evidenced by their tendency to ignore phone calls due to the fear of awkwardness), the fact that they chose to answer the phone and invite the friend over suggests they might be trying to overcome or confront this fear.","

No, the poster does not suffer from stress. Reasoning: The poster is expressing a fear of having an awkward phone conversation, but there is no indication of ongoing emotional distress or anxiety. The post is simply describing a specific situation and the poster's decision to answer the phone call. While the poster may have some social anxiety, there is not enough information to conclude that they are suffering from stress."
"Yes, the poster suffers from stress. Reasoning: The poster describes experiencing a panic attack with symptoms such as heart pounding, shortness of breath, dizziness, and the fear that they were having a heart attack. These are classic symptoms of a severe anxiety episode. Additionally, the intensity of the experience led them to seek emergency medical care, further indicating the stress and concern they felt about their well-being.","

Yes, the poster suffers from stress. Reasoning: The poster describes a panic attack, which is a strong indicator of stress. They also mention hypertension and feeling like they were having a heart attack, which are physical symptoms commonly associated with stress. The poster's language, such as ""I thought I was going to die,"" suggests a high level of fear and anxiety. Additionally, the fact that they went to the ER indicates that they were seeking medical help for their symptoms, further indicating the severity of their stress. Overall, the combination of physical symptoms, emotional distress, and seeking medical help suggests that the poster is suffering from stress."
"Yes, the poster suffers from stress. Reasoning: The poster describes experiencing frequent and intense intrusive memories that are accompanied by strong emotional reactions, such as extreme anger and hate. Physiological symptoms like increased heart rate and hand tremors further indicate distress. The fact that these reactions occur once a day or every few days suggests that these memories significantly impact their daily well-being.","

Yes, the poster suffers from stress. Reasoning: The poster's language and description of symptoms indicate a high level of emotional distress and anxiety. They mention experiencing intense, intrusive memories and physical symptoms such as high heart rate and shaking hands. These symptoms are commonly associated with stress and trauma. The poster also acknowledges that this may not be as severe as what others go through, suggesting that they are aware of the impact it has on their well-being. Overall, the language used and the symptoms described indicate that the poster is likely suffering from stress."
"Yes, the poster suffers from stress. Reasoning: The poster describes a tumultuous situation with their girlfriend, who has expressed feelings of uncertainty about their relationship. This has led to a temporary breakup, and the poster's feeling of being ""her backup"" suggests feelings of insecurity and confusion. The need to navigate these mixed signals, coupled with the lack of clarity about the future of the relationship, can be a significant source of stress.","

Yes, the poster suffers from stress. Reasoning: The poster is expressing confusion and frustration about their girlfriend's sudden desire to take time away from the relationship. They mention feeling like a backup and wanting to break up until the ""problem"" is resolved. This suggests that the poster is experiencing a high level of emotional distress and anxiety about the situation. The language used and the context of the post indicate that the poster is likely suffering from stress."
"Yes, the poster suffers from stress. Reasoning: The poster expresses frustration with repeated edits, mentions wanting to ""cut off my own hands"" as a hyperbolic expression of that frustration, and alludes to their exhaustion from it being late at night. Their tone and the repeated emphasis on the time suggests they might be overwhelmed or experiencing some level of distress related to their current task.","

No, the poster does not suffer from stress. Reasoning: The poster expresses frustration and exhaustion from editing their post multiple times, but there is no indication of ongoing emotional distress or anxiety. The post is more focused on the technical aspects of formatting and time constraints rather than the poster's emotional state. Therefore, the label of ""No"" is appropriate in this case."
